house_area,house_price,bedrooms,lift,city,floor
1262.8812448831018,38.15643734649305,3bhk,,Hyd,third
1143.8409616405236,35.41522884921571,2bhk,0.0,Mumbai,ground
1362.8096672189654,42.73429001656896,3bhk,0.0,Mumbai,ground
1215.430502133762,38.25291506401286,2bhk,,Mumbai,first
1078.8824973327703,33.88647491998311,1bhk,0.0,Blr,ground
1222.332763860535,37.29998291581604,2bhk,,Pune,first
1201.155607620949,37.18466822862847,,0.0,Mumbai,ground
1181.6087312596233,35.9482619377887,2bhk,1.0,Mumbai,second
1215.070351185361,39.312110535560834,2bhk,0.0,Mumbai,second
1198.8083940016593,37.87425182004978,2bhk,0.0,Pune,third
1209.1704725894583,38.08511417768375,2bhk,,Pune,third
972.3376182013328,29.760128546039983,1bhk,,Hyd,second
1224.096973907015,37.83290921721045,2bhk,0.0,Pune,first
1305.362421702075,40.89087265106225,3bhk,,Pune,third
964.8565356652394,29.395696069957182,1bhk,,Hyd,ground
1184.6470085661138,35.90941025698341,,1.0,Hyd,second
1388.5952390985267,44.7978571729558,3bhk,,Hyd,second
1207.2947593570836,37.00884278071251,2bhk,1.0,Mumbai,second
1040.6504438680636,31.999513316041902,1bhk,,Mumbai,first
1212.0592214736594,37.33177664420978,2bhk,,Mumbai,first
1349.1092703446795,43.26327811034039,3bhk,0.0,Hyd,second
1055.8557779168564,31.90567333750569,1bhk,0.0,Pune,third
1238.8247560287723,40.50474268086317,,0.0,Pune,third
1173.8592403912012,37.05577721173604,2bhk,0.0,Pune,ground
1217.2320577831022,36.95696173349306,2bhk,0.0,Pune,second
1171.4639212404238,37.10391763721272,2bhk,,Hyd,third
1283.9473352463956,40.46842005739187,3bhk,0.0,Pune,second
1336.2492487638226,42.08747746291469,3bhk,1.0,Pune,third
1105.0631159349018,36.481893478047056,1bhk,,Pune,third
1219.3586356901849,37.53075907070554,2bhk,1.0,Pune,second
1147.5375225273676,36.96612567582103,2bhk,,Mumbai,first
1246.4680102102711,38.294040306308126,3bhk,1.0,Hyd,first
1365.451263236114,42.24353789708343,3bhk,,Hyd,third
1266.473816864514,38.90421450593542,3bhk,0.0,Hyd,third
1397.020464667392,45.29061394002176,3bhk,1.0,Mumbai,first
1308.2649750153612,41.61794925046083,3bhk,,Hyd,second
1277.1637413720437,40.66491224116131,3bhk,,Mumbai,first
1350.6933779625629,43.32080133887688,3bhk,0.0,Pune,first
1055.6531073949825,32.869593221849485,1bhk,0.0,Blr,ground
1171.609619147342,36.57828857442026,2bhk,,Pune,first
1217.8094411809798,37.43428323542939,2bhk,1.0,Mumbai,second
1012.21230242808,32.17636907284239,1bhk,1.0,Pune,ground
1177.7742480241182,35.68322744072354,2bhk,1.0,Hyd,first
1208.84620897994,37.1053862693982,2bhk,,Hyd,second
1062.2525006281612,33.85757501884484,1bhk,1.0,Hyd,third
1153.8539475672048,35.465618427016146,2bhk,0.0,Hyd,first
986.217155148374,30.306514654451217,,1.0,Hyd,third
1276.366541423016,38.96099624269048,3bhk,1.0,Mumbai,third
1073.1682809861916,33.125048429585746,1bhk,,Pune,second
1031.6265490540773,34.07879647162232,1bhk,,Mumbai,ground
1150.9182522101632,35.1175475663049,2bhk,,Hyd,first
1255.0308992190348,39.46092697657105,3bhk,0.0,Pune,second
1215.4113926605623,38.59234177981687,2bhk,,Hyd,third
1218.997151846705,37.43991455540115,2bhk,0.0,Hyd,first
1174.4908477949482,35.484725433848446,2bhk,,Blr,third
1270.8379730954791,40.24513919286437,3bhk,,Pune,ground
1246.4770706341676,39.67431211902503,3bhk,0.0,Mumbai,second
1301.066740472682,40.652002214180456,3bhk,0.0,Hyd,ground
1093.7819595281226,33.43345878584368,1bhk,1.0,Hyd,second
1187.9826027491515,37.90947808247455,2bhk,1.0,Mumbai,second
1152.821408284825,35.50464224854475,2bhk,,Pune,first
1011.7824746927456,30.59347424078237,1bhk,0.0,Mumbai,ground
1348.1661278953563,43.364983836860695,3bhk,,Pune,third
1161.5413710917514,36.64624113275254,2bhk,1.0,Hyd,third
1186.3002094152569,36.099006282457694,2bhk,,Pune,ground
1395.5609614490666,45.43682884347199,3bhk,,Mumbai,second
1144.2012922033025,34.72603876609908,2bhk,1.0,Blr,third
1209.024936513585,37.72074809540755,2bhk,1.0,Pune,third
1256.9453021975091,38.05835906592528,,1.0,Pune,second
1264.4994705438064,38.27498411631419,3bhk,0.0,Hyd,third
1131.8739483207992,35.856218449623974,2bhk,,Pune,ground
1181.0679348037395,38.542038044112175,2bhk,1.0,Pune,ground
1292.3159111465932,40.739477334397804,3bhk,,Pune,third
1240.639109746843,38.61917329240529,3bhk,,Mumbai,second
1157.4150357289338,35.24245107186802,,1.0,Hyd,third
1087.8920703043334,33.18676210913,1bhk,0.0,Pune,second
1180.1231144846772,36.56369343454032,2bhk,,Hyd,third
1047.1784467179425,33.53535340153828,1bhk,,Pune,third
1247.9163946662427,38.33749183998728,3bhk,,Pune,ground
1057.588304696516,32.31764914089548,1bhk,0.0,Mumbai,third
1247.5726577923886,38.72717973377165,3bhk,0.0,Hyd,third
1240.8159682011628,38.14447904603489,3bhk,0.0,Hyd,second
1244.2595056896344,38.90778517068903,3bhk,1.0,Hyd,third
1093.8419920339895,34.14525976101969,1bhk,,Mumbai,second
1294.5728659375236,41.02718597812571,3bhk,1.0,Pune,ground
1180.0789110371911,35.94236733111573,2bhk,1.0,Mumbai,second
1225.9238399224932,37.3277151976748,2bhk,,Hyd,ground
1084.0820509513203,33.712461528539606,1bhk,1.0,Mumbai,ground
1260.7267216794874,39.87180165038463,3bhk,0.0,Hyd,ground
1317.651966956062,42.23955900868185,3bhk,1.0,Pune,first
1164.9000880849944,35.43700264254984,,,Pune,third
1083.9038510845337,32.887115532536,1bhk,0.0,Mumbai,ground
1109.282726355863,34.338481790675885,1bhk,,Pune,ground
1135.2457135173856,34.507371405521575,2bhk,,Mumbai,second
1286.8388010673195,40.42516403201958,3bhk,1.0,Hyd,ground
1230.1100862931548,38.05330258879465,,,Mumbai,third
1332.5861104662129,42.22758331398639,3bhk,,Pune,first
1085.713228182248,33.121396845467444,1bhk,1.0,Blr,second
1269.2217971112575,40.04665391333772,3bhk,,Hyd,second
1173.7828963229097,37.363486889687294,,0.0,Blr,first
1257.370420777041,38.73111262331124,3bhk,,Hyd,third
1304.1311078256747,42.87393323477024,3bhk,0.0,Pune,third
1140.541993035215,34.24625979105645,2bhk,1.0,Hyd,ground
1053.24092570508,32.4972277711524,1bhk,,Mumbai,second
1208.4797102801774,37.55439130840532,2bhk,,Blr,third
1283.7622077330248,42.18286623199074,3bhk,0.0,Mumbai,first
1375.185973452244,42.96557920356732,3bhk,0.0,Hyd,third
1425.0584380447642,43.961753141342925,3bhk,1.0,Mumbai,third
1222.2816001145848,37.53844800343754,2bhk,0.0,Hyd,first
1069.5976684294387,33.457930052883164,1bhk,1.0,Pune,second
1236.1970269472831,38.1359108084185,3bhk,0.0,Hyd,ground
1047.907126785382,31.88721380356146,1bhk,1.0,Pune,first
1317.8741460129213,43.14622438038764,3bhk,0.0,Hyd,third
1019.2911261528864,31.6387337845866,1bhk,,Mumbai,third
1197.9136357513275,38.10740907253983,2bhk,,Pune,third
1135.508482424229,35.89525447272687,2bhk,,Hyd,ground
1155.125804578671,36.72377413736013,2bhk,1.0,Blr,second
1394.3420456989911,44.990261370969726,3bhk,,Mumbai,second
1279.5454962824151,39.05636488847247,3bhk,0.0,Pune,second
1298.346992455773,40.56040977367319,3bhk,0.0,Blr,second
1173.967226310143,36.03901678930429,2bhk,1.0,Pune,first
1295.6774073356926,41.77032222007077,3bhk,,Pune,ground
1085.5957544010012,33.797872632030035,1bhk,0.0,Pune,second
1128.831046941753,36.144931408252575,2bhk,,Hyd,second
1056.704118247791,32.41112354743373,,0.0,Hyd,second
1012.6141316184996,31.758423948554988,1bhk,0.0,Mumbai,first
1409.821455002353,45.31464365007059,3bhk,,Pune,third
1271.2453291888353,40.53735987566506,3bhk,1.0,Hyd,second
1072.981337992278,33.13944013976834,1bhk,1.0,Mumbai,second
1155.451506592264,35.843545197767924,2bhk,1.0,Mumbai,second
1243.3520455723017,38.82056136716905,,0.0,Hyd,second
1224.5602374350135,36.85680712305041,2bhk,0.0,Mumbai,first
1349.252167061837,43.21756501185512,3bhk,1.0,Pune,second
1265.3631462482583,40.14089438744776,3bhk,,Hyd,second
1206.4146793533223,37.72244038059968,2bhk,,Pune,third
1383.6516942782378,43.00955082834713,3bhk,1.0,Mumbai,second
1204.4025987955858,36.57207796386758,2bhk,1.0,Mumbai,third
1073.5015945314804,32.84504783594441,1bhk,1.0,Mumbai,third
1084.9281533270591,35.49784459981177,1bhk,0.0,Pune,first
1226.2226886398005,38.526680659194014,2bhk,1.0,Hyd,second
1094.567592733212,33.107027781996365,1bhk,1.0,Mumbai,third
1183.9507105359985,36.63852131607996,,1.0,Blr,second
1085.5822916678378,35.21746875003513,1bhk,1.0,Mumbai,ground
1136.1991040571163,35.0259731217135,2bhk,0.0,Hyd,first
1463.4245391155698,47.202736173467095,3bhk,,Mumbai,third
1421.5089010987049,44.955267032961146,3bhk,0.0,Hyd,second
1261.4773694343446,38.884321083030336,3bhk,,Mumbai,second
1252.9841053322402,38.64952315996721,3bhk,1.0,Hyd,third
1248.9682841529836,39.55904852458952,3bhk,1.0,Pune,first
1235.709447628326,38.97128342884978,2bhk,0.0,Hyd,ground
1264.4055196273955,38.02216558882187,3bhk,,Pune,ground
1192.5729974635444,37.24718992390633,2bhk,0.0,Hyd,second
1216.4675046319517,37.85402513895855,2bhk,,Hyd,ground
1234.5245602696746,39.65573680809024,2bhk,0.0,Pune,third
1122.324299042003,34.17972897126009,2bhk,0.0,Blr,second
1118.9162721538296,34.747488164614886,2bhk,1.0,Pune,third
1300.6754151459158,40.73026245437748,3bhk,,Mumbai,second
1175.1087113120243,36.05326133936073,2bhk,,Hyd,second
1070.8789591678606,32.366368775035816,1bhk,0.0,Hyd,ground
1221.347995126123,37.37043985378368,2bhk,1.0,Pune,third
1306.943902206561,41.37831706619684,3bhk,1.0,Pune,first
1149.668961055649,34.68006883166948,2bhk,0.0,Mumbai,second
1335.9482333298122,43.09844699989437,3bhk,1.0,Mumbai,third
1214.2578329180842,36.867734987542526,2bhk,,Hyd,second
1244.7390939794584,38.61217281938375,3bhk,0.0,Mumbai,third
1019.0563879686248,32.871691639058746,1bhk,,Blr,third
1338.7603998899383,42.63281199669816,3bhk,0.0,Pune,second
1280.737124254621,38.61211372763863,3bhk,1.0,Pune,second
1140.0748085502692,34.75224425650808,2bhk,0.0,Hyd,first
1298.415123188486,40.742453695654575,3bhk,1.0,Hyd,third
1239.0243234020809,39.34072970206242,,,Mumbai,third
1194.427529334856,36.65282588004568,2bhk,0.0,Mumbai,third
1058.6497305398443,33.18949191619534,1bhk,0.0,Mumbai,third
1125.3928688510427,35.70178606553128,2bhk,,Hyd,second
1273.3587775604128,39.5807633268124,3bhk,1.0,Pune,first
1066.027248686342,32.71081746059026,1bhk,,Mumbai,second
1261.0912398520582,38.60273719556176,3bhk,1.0,Pune,ground
1268.2464866444896,40.02739459933469,3bhk,1.0,Hyd,ground
995.0363144596912,30.58108943379073,1bhk,,Mumbai,third
1411.4300056720522,44.77290017016156,3bhk,0.0,Hyd,third
1167.3035844220672,35.63910753266201,2bhk,1.0,Pune,third
1094.0848715681584,33.80254614704475,1bhk,1.0,Pune,ground
1123.0058179731468,34.70017453919441,2bhk,0.0,Pune,second
1169.318188069969,35.51954564209907,2bhk,1.0,Hyd,second
1321.239680501675,42.12719041505024,3bhk,0.0,Mumbai,third
1259.7210688359278,38.90163206507784,,1.0,Pune,third
1098.4976200973078,,,,Hyd,third
1061.4216079817063,33.7126482394512,1bhk,1.0,Pune,first
1098.8235346089082,34.48470603826725,,1.0,Pune,third
1109.991383241473,33.939741497244185,,,Hyd,second
1063.9147195282942,32.14744158584883,1bhk,1.0,Mumbai,second
1329.546892048247,42.61640676144741,3bhk,1.0,Mumbai,third
1401.4132893853698,44.542398681561096,3bhk,,Blr,second
1222.6463044620832,38.8393891338625,2bhk,0.0,Mumbai,third
1402.5230847595983,43.295692542787954,3bhk,0.0,Mumbai,third
1429.9009687844195,44.67702906353259,3bhk,,Hyd,ground
951.2376511449409,30.027129534348223,,,Pune,third
1162.2753161155058,35.98825948346517,2bhk,1.0,Pune,second
1141.3229636129597,35.04968890838879,2bhk,1.0,Pune,ground
1194.596951393739,36.02790854181217,,1.0,Pune,first
1468.4369609184305,47.623108827552905,3bhk,0.0,Hyd,second
1200.8437540005684,37.91531262001705,2bhk,0.0,Pune,second
1359.9009273164572,43.32702781949372,3bhk,,Mumbai,second
1202.87303347415,37.126191004224495,,,Pune,first
1168.8564770287774,36.90569431086332,2bhk,0.0,Hyd,third
1321.5844775056937,41.807534325170806,3bhk,1.0,Blr,ground
1203.6318603369086,39.168955810107256,2bhk,1.0,Mumbai,first
1120.631936855926,34.37895810567778,2bhk,,Pune,ground
1315.176518210159,42.85529554630477,3bhk,0.0,Pune,first
1323.3094190410247,42.53928257123074,3bhk,0.0,Hyd,ground
1142.9382952322644,34.67814885696793,2bhk,,Hyd,second
967.3129449313254,30.73938834793976,1bhk,1.0,Mumbai,second
1212.7682063302634,39.3130461899079,,,Blr,second
1276.63563848917,39.9390691546751,3bhk,1.0,Blr,second
1324.7284848113918,41.67185454434176,3bhk,,Hyd,ground
1236.2712240764024,37.50813672229208,3bhk,0.0,Mumbai,ground
1403.1810606761528,44.005431820284585,3bhk,0.0,Pune,first
1005.1120112634296,31.843360337902887,1bhk,0.0,Pune,second
1052.0254867143606,34.02076460143082,,,Pune,ground
1287.0206482129722,40.54061944638917,3bhk,0.0,Hyd,ground
1245.9752470183255,38.76925741054976,3bhk,,Pune,second
1397.2469323039195,43.3874079691176,,0.0,Hyd,first
1278.9621923112124,40.40886576933637,3bhk,1.0,Pune,third
1188.8418169708634,36.2352545091259,2bhk,1.0,Hyd,third
1003.675733313288,31.22027199939864,1bhk,0.0,Pune,second
1262.5110387245934,38.78533116173781,3bhk,,Pune,third
1106.364840623506,34.30094521870518,1bhk,1.0,Mumbai,third
968.6103905231446,30.82831171569433,1bhk,1.0,Pune,third
1160.857423487397,37.00572270462191,2bhk,1.0,Mumbai,second
1109.6748979823312,34.61024693946993,1bhk,1.0,Blr,second
1456.596984041,46.55790952123,,0.0,Hyd,second
1424.9103266260863,44.48730979878259,3bhk,0.0,Blr,third
1050.4661315224223,33.90398394567268,1bhk,0.0,Blr,second
1057.7623930101022,33.442871790303066,1bhk,0.0,Pune,third
1173.1872439882782,36.65561731964834,2bhk,,Blr,third
982.8908796198946,30.076726388596835,1bhk,1.0,Mumbai,third
1062.5372215750178,33.24611664725054,1bhk,1.0,Hyd,ground
1213.0167442084771,38.02050232625432,2bhk,1.0,Blr,first
1420.5756217840812,45.647268653522445,3bhk,0.0,Blr,ground
1243.1201750684934,38.0636052520548,3bhk,,Hyd,ground
1078.5768336191204,33.907305008573616,1bhk,1.0,Pune,second
1229.5316646268318,38.69594993880495,2bhk,0.0,Hyd,ground
1295.039305021385,42.941179150641545,3bhk,0.0,Hyd,second
1127.243121681071,36.65729365043213,2bhk,,Pune,third
1340.8842971842244,41.90652891552672,3bhk,,Blr,ground
1203.3759412998415,37.43127823899525,2bhk,,Pune,second
1017.0677735487913,32.34203320646374,1bhk,0.0,Pune,third
1381.5237838748671,43.25571351624601,3bhk,1.0,Mumbai,first
1155.529174812483,35.05587524437449,2bhk,,Hyd,third
1062.5844733336105,32.997534200008324,1bhk,1.0,Pune,second
1135.5798265666542,34.38739479699962,2bhk,,Hyd,third
1162.7322116453602,37.45196634936081,2bhk,1.0,Pune,second
1131.2715843790927,34.90814753137278,2bhk,,Mumbai,third
1216.44454458931,38.443336337679305,2bhk,0.0,Hyd,ground
1009.9716461855166,31.079149385565497,1bhk,0.0,Hyd,second
1377.278592722025,43.68835778166076,,,Pune,ground
1368.4775231538028,42.88432569461409,,1.0,Hyd,third
976.5197915404024,30.02559374621207,1bhk,,Pune,third
1371.8886490312063,44.00665947093619,3bhk,1.0,Pune,ground
1266.6929569462764,38.46078870838829,3bhk,,Pune,third
1301.3102590527692,41.12930777158308,3bhk,1.0,Hyd,third
1118.5808498440624,34.42742549532187,2bhk,,Pune,second
1227.2850975799531,37.8985529273986,2bhk,,Hyd,first
1117.7798070254148,34.88339421076245,,,Hyd,third
1230.811048439107,37.28433145317321,2bhk,1.0,Pune,second
1155.9249733618494,36.39774920085548,2bhk,1.0,Hyd,second
1239.5205177157188,37.85561553147157,3bhk,,Mumbai,third
1184.1737053568968,36.605211160706894,2bhk,,Pune,second
1192.9556208981696,37.52866862694509,2bhk,,Hyd,third
1342.4910647893023,42.35473194367907,3bhk,,Mumbai,second
1140.195826163156,36.42587478489468,2bhk,0.0,Hyd,first
1258.7513096991486,38.16253929097446,3bhk,1.0,Pune,first
1297.7340078923637,40.832020236770894,3bhk,,Hyd,second
1111.7940102865027,34.33382030859508,1bhk,,Hyd,ground
1214.8887423091971,38.48666226927591,2bhk,,Pune,ground
1412.5200144417568,45.4756004332527,3bhk,0.0,Hyd,ground
1181.0544847402318,37.39163454220696,2bhk,1.0,Hyd,second
1525.3781596914075,48.07134479074223,3bhk,1.0,Pune,ground
1104.8020793860182,33.864062381580545,1bhk,1.0,Hyd,second
1305.4726906865008,40.41418072059502,3bhk,0.0,Pune,ground
1162.8129029275842,35.51438708782753,2bhk,,Hyd,ground
1101.6398119440576,35.18919435832173,1bhk,0.0,Mumbai,ground
1102.9159853493695,34.70747956048109,1bhk,,Pune,second
1157.8368126822998,36.43510438046899,2bhk,0.0,Hyd,third
1221.51749196269,37.35552475888071,2bhk,1.0,Pune,second
1211.3925545983814,37.23177663795144,2bhk,1.0,Mumbai,second
1239.032011151993,40.60096033455979,3bhk,1.0,Hyd,third
1217.061536508428,39.26184609525284,2bhk,,Pune,second
1163.407898621178,35.40223695863534,2bhk,,Pune,third
1273.980958677669,39.19942876033007,3bhk,1.0,Blr,second
1307.7963498524862,42.61389049557459,3bhk,1.0,Pune,third
1162.3022168491486,35.599066505474454,,0.0,Pune,second
1225.066237725674,39.02198713177022,2bhk,,Hyd,third
1357.7224579591946,42.701673738775845,3bhk,1.0,Hyd,second
940.7964330232512,29.143892990697537,1bhk,1.0,Mumbai,ground
1204.38785184545,37.1416355553635,2bhk,1.0,Pune,ground
1351.6791842808195,42.740375528424586,3bhk,,Mumbai,second
1074.7349275341066,35.0120478260232,1bhk,0.0,Hyd,ground
1312.8269962564584,40.55480988769376,3bhk,0.0,Pune,first
1202.7500762017198,36.6025022860516,,,Mumbai,third
1124.6192116013483,35.45857634804045,2bhk,1.0,Pune,ground
1186.688775795291,36.59066327385872,2bhk,0.0,Mumbai,ground
1039.5876226498249,31.927628679494735,1bhk,1.0,Pune,third
1203.1925879420724,37.45577763826217,2bhk,1.0,Hyd,third
1132.615900063735,35.328477001912034,2bhk,1.0,Blr,first
1219.6223344248483,38.00867003274546,,,Hyd,second
1293.4725708592623,41.06417712577788,,,Hyd,second
1241.9905051262688,38.82971515378807,3bhk,0.0,Hyd,third
1289.4188858905063,40.33256657671519,,1.0,Hyd,second
1261.5177799018356,39.18553339705507,3bhk,0.0,Hyd,third
1119.010379905642,34.01031139716926,2bhk,1.0,Pune,third
1220.399553200204,37.13198659600612,2bhk,0.0,Hyd,second
1225.9596618470546,39.17878985541165,2bhk,,Blr,ground
1260.0515420081756,40.02154626024527,3bhk,,Hyd,second
1351.866182470371,42.92598547411113,3bhk,1.0,Pune,ground
1173.8799122294226,35.89639736688268,2bhk,,Pune,second
1189.2133527212286,36.816400581636856,2bhk,,Hyd,third
1144.784427231367,34.79353281694102,2bhk,1.0,Pune,ground
1179.9571870763991,36.22871561229197,2bhk,1.0,Mumbai,second
1359.6509463680773,44.36952839104232,3bhk,1.0,Blr,third
1181.9280731544789,36.41784219463437,,,Hyd,first
1108.1202535732375,34.713607607197126,1bhk,0.0,Mumbai,second
1045.0569313420265,32.18170794026079,,0.0,Mumbai,third
1064.5867750655852,35.32760325196756,1bhk,1.0,Pune,second
1113.9474775882104,35.34842432764631,1bhk,,Pune,ground
1101.7289577519207,34.041868732557624,1bhk,0.0,Hyd,third
1176.9916969604749,36.62975090881424,2bhk,1.0,Blr,third
1128.635160176738,34.81905480530214,2bhk,,Pune,second
1232.8308712921842,37.30492613876552,2bhk,,Pune,third
1298.0240928116148,40.36072278434845,3bhk,0.0,Pune,third
1352.016695803768,42.19050087411304,3bhk,,Hyd,first
1120.3244059027838,35.539732177083515,2bhk,,Pune,third
1222.6105660276196,39.15831698082859,2bhk,,Hyd,third
1178.519511741577,36.54558535224731,2bhk,1.0,Hyd,second
1149.9451110486857,35.058353331460566,2bhk,1.0,Mumbai,third
1144.693037143255,34.83079111429765,2bhk,1.0,Blr,second
1033.6295989001128,31.178887967003384,1bhk,1.0,Pune,second
1023.4084807752428,32.38225442325728,1bhk,0.0,Pune,ground
1299.5438503768903,41.09631551130671,3bhk,1.0,Pune,first
1204.4084614368526,36.49225384310558,2bhk,,Pune,second
1207.9810660373694,37.60943198112108,2bhk,0.0,Mumbai,third
1267.837147445135,39.52511442335405,3bhk,0.0,Hyd,first
1278.8043716692252,40.30413115007676,3bhk,,Pune,ground
1051.2620884768407,33.40786265430522,1bhk,,Mumbai,second
1109.875496905602,34.27626490716806,1bhk,0.0,Mumbai,third
1074.2960356461813,32.93888106938544,1bhk,1.0,Mumbai,first
1227.168123843031,38.20504371529093,2bhk,,Hyd,first
1246.776707860077,38.85330123580231,3bhk,,Hyd,first
1162.4757652414053,36.65427295724216,2bhk,1.0,Pune,ground
1149.642653756769,35.20927961270307,2bhk,0.0,Mumbai,third
1297.437752447729,40.623132573431874,3bhk,1.0,Mumbai,second
1378.974297448277,43.24922892344831,3bhk,0.0,Pune,first
1239.465313742603,38.33395941227809,3bhk,1.0,Hyd,second
1189.102701788042,36.65308105364126,2bhk,0.0,Pune,first
1205.9628266117843,36.68888479835353,2bhk,,Blr,second
1338.696511445159,42.98089534335477,3bhk,,Mumbai,second
1270.5139109273227,41.02541732781969,3bhk,,Hyd,third
1163.017535653826,35.92052606961478,,1.0,Pune,third
1194.5866733195317,38.37760019958595,2bhk,,Hyd,second
1281.6890949658666,39.620672848976,3bhk,,Hyd,second
1125.885431801525,35.03656295404576,2bhk,0.0,Pune,second
1278.1318505971365,39.893955517914094,3bhk,1.0,Hyd,second
1422.838589376688,44.29515768130064,3bhk,,Mumbai,third
1346.6017531258117,44.15805259377437,3bhk,1.0,Mumbai,third
1263.6996958723018,39.32099087616905,3bhk,1.0,Hyd,first
1104.1718148741325,34.41515444622397,,0.0,Mumbai,third
1085.5879951231234,33.8676398536937,1bhk,1.0,Mumbai,third
1251.1319721076038,38.09395916322811,3bhk,0.0,Mumbai,ground
1186.638551398953,37.15915654196859,2bhk,1.0,Hyd,second
1199.3891570009707,36.80167471002912,,0.0,Hyd,first
1336.777480650392,43.01332441951176,,0.0,Hyd,second
1193.0007555873287,37.05002266761986,2bhk,1.0,Hyd,third
1227.5976304457813,38.89792891337344,2bhk,1.0,Hyd,first
1225.678836639884,39.00036509919652,2bhk,,Mumbai,third
1031.3391533840215,31.89017460152065,1bhk,0.0,Mumbai,first
1043.830327732265,31.954909831967957,1bhk,,Blr,ground
1117.6430707401255,34.93929212220377,,,Pune,first
1254.844033798046,40.975321013941375,3bhk,0.0,Pune,ground
1166.5734507439226,36.79720352231768,2bhk,1.0,Hyd,second
1159.3041598040222,36.48912479412066,,1.0,Pune,ground
1212.8683383744124,39.58605015123237,,,Pune,third
1149.5700598926644,35.43710179677993,2bhk,,Pune,second
1291.149975837881,40.89449927513642,3bhk,0.0,Hyd,second
1108.3835947250157,,1bhk,1.0,Hyd,second
1206.2817382798355,36.86845214839507,,,Pune,third
1161.06101624005,36.4818304872015,2bhk,0.0,Pune,second
1250.5119485572757,39.43535845671827,3bhk,1.0,Pune,second
1119.2174990061508,34.76652497018452,,,Hyd,third
1160.8528300966125,35.93558490289837,2bhk,,Mumbai,third
1194.914534335719,37.15743603007157,2bhk,,Pune,ground
1232.866941333383,37.81600824000149,2bhk,1.0,Pune,third
1179.4946464807213,37.53483939442164,2bhk,1.0,Pune,ground
1137.994686691391,35.09984060074173,2bhk,1.0,Hyd,third
1149.1050523714114,35.183151571142346,2bhk,,Blr,ground
1275.5839362669085,39.827518088007245,3bhk,0.0,Hyd,second
1293.4667766961404,40.63400330088422,3bhk,,Mumbai,ground
1263.974129426693,38.63922388280079,3bhk,0.0,Hyd,second
1233.500245783976,37.82500737351928,2bhk,0.0,Pune,third
1048.1965472500228,32.53589641750069,1bhk,,Blr,third
1169.0901496078109,35.40270448823433,,1.0,Blr,first
1235.37525939815,38.341257781944506,2bhk,1.0,Mumbai,third
1344.8949238286446,42.94684771485934,3bhk,1.0,Hyd,third
1394.9616497993252,44.94884949397976,3bhk,1.0,Hyd,ground
1269.933279650203,39.67799838950609,3bhk,,Pune,third
1093.1483955472152,34.33445186641646,1bhk,0.0,Hyd,third
1243.1941905897058,39.30582571769118,,1.0,Pune,third
1200.414634707184,38.30243904121552,2bhk,1.0,Hyd,third
1245.3245649363444,38.66973694809033,3bhk,0.0,Hyd,second
1143.2804416600673,35.35841324980201,2bhk,1.0,Hyd,third
1285.0695708112062,41.72208712433618,3bhk,,Hyd,second
1029.063812352885,31.631914370586543,1bhk,0.0,Hyd,third
1113.8252686832634,35.614758060497905,1bhk,0.0,Pune,second
1179.6597905586414,36.04979371675924,2bhk,,Hyd,second
1085.3432353569951,33.470297060709854,1bhk,,Blr,third
1139.1868779342567,35.8856063380277,2bhk,,Hyd,third
1150.3624699033878,37.11087409710163,2bhk,1.0,Pune,first
1189.5423559369503,38.53627067810852,2bhk,,Hyd,first
1264.3224714229054,38.11967414268716,3bhk,,Hyd,third
1070.8865311458635,32.97659593437591,1bhk,0.0,Mumbai,ground
,38.48387401858946,2bhk,,Hyd,second
1199.9662969532114,36.89898890859634,2bhk,,Hyd,third
1246.0202668907043,38.17060800672113,3bhk,,Mumbai,second
1195.8871414012565,36.39661424203769,2bhk,0.0,Pune,second
1106.9586864605274,35.46876059381582,1bhk,0.0,Hyd,second
1128.791725375114,34.28375176125341,2bhk,1.0,Hyd,ground
1021.5693404338944,31.057080213016835,1bhk,1.0,Mumbai,second
1128.7228476111582,34.071685428334746,2bhk,,Hyd,first
1093.5190390692808,34.295571172078425,1bhk,,Hyd,third
1220.770668451492,39.14312005354476,,1.0,Pune,third
1351.0538017095134,42.231614051285405,,,Pune,ground
1113.171517903483,34.39514553710449,1bhk,0.0,Pune,first
1331.802983031065,41.55408949093194,3bhk,,Hyd,second
1202.313183014508,36.44939549043524,2bhk,,Hyd,ground
1121.704864990781,33.79114594972343,2bhk,0.0,Mumbai,ground
1193.0838741653306,36.80251622495992,2bhk,,Hyd,third
1387.7933960863786,43.17380188259136,3bhk,,Pune,first
1199.5248419147374,36.36574525744212,2bhk,0.0,Hyd,first
1254.831259776959,39.27493779330878,3bhk,1.0,Hyd,second
1072.7901835596072,33.54370550678821,1bhk,0.0,Blr,third
1281.0070534905274,39.73021160471583,3bhk,1.0,Hyd,ground
1161.5392938434193,35.726178815302575,2bhk,0.0,Pune,third
1286.5572511592604,41.41671753477781,3bhk,1.0,Pune,ground
1211.4005456721868,37.5220163701656,2bhk,,Pune,second
1065.9353028323612,33.39805908497084,1bhk,1.0,Mumbai,first
1224.743349246167,37.93230047738502,2bhk,,Hyd,second
1266.2835295246011,,3bhk,,Hyd,ground
1221.260637693833,37.04781913081498,2bhk,1.0,Hyd,third
1239.4578416169416,37.65373524850825,3bhk,1.0,Pune,third
1202.950661676453,36.72851985029358,2bhk,,Hyd,second
1126.827890258353,34.69483670775058,2bhk,0.0,Mumbai,third
1256.7629340822114,38.96288802246634,3bhk,,Mumbai,third
1292.518417948631,40.74555253845893,3bhk,0.0,Hyd,ground
1299.7780510700516,40.91334153210155,3bhk,0.0,Mumbai,first
1114.047066631988,34.37141199895964,1bhk,1.0,Mumbai,second
1209.6385256229355,37.20915576868807,2bhk,,Pune,first
1197.5352807593952,37.89605842278185,2bhk,,Pune,third
1326.481887197341,41.54445661592023,3bhk,,Hyd,ground
1068.178549049272,32.72535647147816,,0.0,Mumbai,first
1194.0557487135247,35.86167246140574,2bhk,1.0,Pune,ground
1393.565819194726,43.46697457584179,3bhk,1.0,Hyd,third
1197.543208453354,37.04629625360062,2bhk,1.0,Hyd,first
1069.4338373074058,33.99301511922217,1bhk,0.0,Mumbai,second
1131.1912580726178,35.05573774217853,2bhk,0.0,Hyd,ground
1172.0880275110387,37.742640825331165,2bhk,0.0,Hyd,ground
1031.8332101269448,31.154996303808343,1bhk,1.0,Hyd,third
1290.0119881535422,41.51035964460627,3bhk,,Pune,ground
1350.846969526857,44.13540908580571,3bhk,1.0,Pune,second
1056.0661061063545,32.641983183190625,,1.0,Blr,ground
1233.0633472796712,37.89190041839014,2bhk,0.0,Hyd,second
1203.910904609996,38.84732713829989,2bhk,1.0,Hyd,first
1308.122032751386,41.21366098254159,3bhk,1.0,Blr,third
1031.8592095084305,33.645776285252914,1bhk,0.0,Pune,ground
1208.7085406886135,39.2212562206584,2bhk,1.0,Blr,second
1100.3672394533992,33.44101718360197,1bhk,1.0,Mumbai,third
1147.9763567205707,35.41929070161712,2bhk,1.0,Mumbai,ground
1329.4670942026005,42.844012826078014,3bhk,1.0,Blr,second
1286.9642872032705,43.02892861609811,3bhk,,Blr,ground
1025.115519299301,33.62346557897903,1bhk,0.0,Hyd,second
1147.697292419694,35.310918772590824,2bhk,0.0,Pune,ground
1147.1435370274269,37.44430611082281,2bhk,1.0,Hyd,ground
1175.9790383114696,36.71937114934408,2bhk,1.0,Pune,third
1281.0965807138691,39.54289742141608,3bhk,1.0,Blr,first
1359.1574843300364,43.524724529901086,3bhk,1.0,Pune,ground
1252.2207515902994,39.65662254770898,3bhk,1.0,Hyd,third
1075.9750717696604,32.66925215308981,,,Mumbai,third
1235.570913494647,39.0671274048394,2bhk,0.0,Hyd,second
1327.1439015035007,42.26431704510502,3bhk,,Mumbai,second
1235.9664871769264,38.3089946153078,,1.0,Hyd,second
1373.8937335827136,43.9268120074814,3bhk,0.0,Pune,ground
1326.719444398974,41.851583331969216,3bhk,0.0,Pune,third
1398.297366351224,44.29892099053672,3bhk,,Pune,first
1320.8460794696675,42.73538238409002,3bhk,,Mumbai,second
1180.91295644034,36.2973886932102,,,Hyd,ground
1278.166567113168,38.89499701339504,3bhk,0.0,Mumbai,third
1243.741470482168,39.39224411446504,3bhk,1.0,Pune,third
1196.8336919911749,36.735010759735246,2bhk,1.0,Mumbai,third
1271.0978808398656,39.28293642519597,,0.0,Mumbai,third
1219.6616370073934,38.0298491102218,2bhk,,Blr,first
993.4072685246668,30.382218055740005,1bhk,1.0,Pune,third
1182.3716254660803,35.91114876398241,2bhk,0.0,Hyd,third
1282.4476084766732,39.14342825430021,3bhk,1.0,Pune,third
1120.5791039064084,35.30737311719225,2bhk,,Pune,ground
1190.681843946836,36.46045531840509,2bhk,1.0,Hyd,second
1183.530938943463,38.05592816830389,2bhk,,Pune,first
1192.4640117520985,36.36392035256295,2bhk,1.0,Pune,second
1158.7390695848496,38.622172087545486,2bhk,1.0,Blr,ground
1271.7432630858364,39.51229789257509,3bhk,,Hyd,second
1299.9206621386245,40.97761986415873,3bhk,0.0,Mumbai,first
1144.7553454415597,35.922660363246784,2bhk,,Hyd,first
1193.6894182893675,36.78068254868104,2bhk,,Hyd,third
1286.807620502097,41.13422861506291,3bhk,,Pune,third
1176.833395689466,35.70500187068398,2bhk,0.0,Pune,third
1347.1061397344502,43.73318419203351,3bhk,,Hyd,third
1165.1925524676149,35.645776574028446,2bhk,,Pune,second
1226.9768262127282,37.799304786381846,2bhk,0.0,Hyd,third
1133.0684261479626,35.80205278443887,2bhk,0.0,Pune,third
1255.9748962843526,40.299246888530575,3bhk,1.0,Pune,first
1102.7354131138975,33.982062393416925,1bhk,1.0,Pune,second
1181.8158357901511,36.21447507370453,2bhk,1.0,Pune,ground
1177.0251958774231,35.66075587632269,,1.0,Mumbai,third
1162.8469998866972,35.25540999660092,2bhk,1.0,Hyd,ground
1235.0784715020784,38.82235414506235,2bhk,1.0,Mumbai,third
1077.4619340874615,32.543858022623844,1bhk,,Hyd,third
1342.9421969411865,42.92826590823559,3bhk,,Pune,first
1153.6479923278798,34.96943976983639,2bhk,,Pune,ground
1185.796520745036,36.34389562235108,2bhk,1.0,Hyd,second
1078.9504428918349,33.34851328675504,1bhk,0.0,Mumbai,third
1434.3900539636056,45.561701618908174,3bhk,,Mumbai,second
1202.6713924640171,37.18014177392051,2bhk,1.0,Hyd,ground
1078.3971131319952,33.47191339395986,1bhk,1.0,Pune,first
1211.3264867513255,38.75979460253977,2bhk,1.0,Hyd,first
1000.0334922979866,31.2710047689396,1bhk,,Pune,second
1210.2128678895726,37.52638603668718,2bhk,0.0,Pune,third
1224.7278176854743,39.62183453056423,2bhk,1.0,Hyd,first
1186.957869082748,37.18873607248244,2bhk,1.0,Hyd,second
1224.8752190621203,37.99625657186361,,0.0,Pune,second
1245.0442521533294,39.24132756459988,3bhk,,Mumbai,ground
1156.7338928773738,36.072016786321214,2bhk,1.0,Blr,second
1269.467112186015,39.79401336558044,3bhk,1.0,Pune,first
1184.1198201788536,35.71359460536561,2bhk,1.0,Pune,second
1248.37642312072,38.0012926936216,3bhk,,Hyd,third
1300.758974527484,41.16276923582453,3bhk,0.0,Mumbai,third
1091.5331711555557,33.175995134666685,1bhk,0.0,Mumbai,third
1088.5618813158003,33.50685643947401,,1.0,Blr,third
1314.3371142920405,42.3601134287612,,0.0,Mumbai,second
1118.0801956656492,33.79240586996948,2bhk,,Mumbai,third
1364.7552655278846,42.75265796583653,3bhk,,Hyd,second
1140.1062667316714,36.38318800195015,2bhk,,Pune,third
1183.0829047274815,37.05248714182445,2bhk,1.0,Mumbai,third
1129.128576625929,35.20385729877788,2bhk,,Hyd,third
1248.177214672058,37.745316440161744,3bhk,,Mumbai,third
1375.904457931019,43.51713373793056,3bhk,1.0,Hyd,second
1089.600840173892,33.60802520521676,,,Mumbai,third
1244.3771654953753,40.191314964861256,3bhk,,Pune,third
1261.3800399876625,39.31140119962987,3bhk,1.0,Blr,third
994.4990719303294,32.18497215790988,1bhk,,Pune,third
1062.059087751878,33.86177263255634,1bhk,0.0,Hyd,ground
1071.5009357077288,33.44502807123186,1bhk,0.0,Pune,first
1186.4493700608275,37.16348110182483,2bhk,0.0,Pune,second
1439.4047324132698,45.57214197239809,3bhk,0.0,Mumbai,third
1222.7834827706506,37.68350448311952,2bhk,0.0,Pune,second
962.0241912761926,29.750725738285777,1bhk,1.0,Mumbai,third
1162.30377579347,35.7991132738041,2bhk,,Hyd,ground
1430.8686923272203,45.97606076981661,3bhk,1.0,Mumbai,second
1141.8523800697874,34.91557140209362,2bhk,1.0,Mumbai,ground
1231.655152063892,37.95965456191676,2bhk,1.0,Pune,second
1274.5753720144885,38.65726116043466,3bhk,1.0,Hyd,second
1242.4287322816128,37.97286196844839,3bhk,0.0,Mumbai,first
1292.55799559716,42.3967398679148,3bhk,1.0,Mumbai,ground
1172.2619488205369,36.657858464616105,2bhk,1.0,Blr,third
1245.1690034927617,37.65507010478285,3bhk,,Pune,second
1310.31295312925,42.8493885938775,3bhk,0.0,Blr,second
1445.337761602343,44.960132848070295,3bhk,1.0,Mumbai,third
1273.315780772044,38.63947342316132,,,Pune,third
1161.858222343444,36.38574667030333,2bhk,1.0,Mumbai,second
1072.7751942489858,34.11325582746957,1bhk,0.0,Pune,third
1094.6222876744762,33.65866863023429,1bhk,,Mumbai,third
1113.929809952345,34.06789429857035,1bhk,,Pune,first
1217.0063827865706,39.10019148359712,2bhk,1.0,Mumbai,second
1168.764096077247,35.8029228823174,,,Mumbai,ground
1045.5951225055137,33.827853675165414,1bhk,1.0,Blr,third
1131.4006096876053,34.91201829062816,,0.0,Mumbai,third
1292.4252359847187,40.79275707954156,3bhk,0.0,Hyd,second
1098.6345909434406,34.08903772830322,1bhk,,Pune,second
1283.0663446914682,40.27199034074405,3bhk,,Pune,third
1265.6838331291951,39.22051499387585,3bhk,1.0,Mumbai,third
1237.7983130043274,38.193949390129816,3bhk,0.0,Pune,second
1253.02232173797,38.66066965213911,3bhk,0.0,Hyd,third
1141.0147512751676,35.08044253825503,2bhk,0.0,Hyd,first
1235.8836198879794,38.64650859663938,3bhk,0.0,Hyd,second
1125.079194939692,34.73237584819076,2bhk,1.0,Mumbai,third
1154.250768328196,35.22752304984588,,1.0,Hyd,second
1093.3909612370142,34.121728837110425,1bhk,,Blr,ground
1218.036265061112,37.48108795183336,2bhk,1.0,Pune,third
1209.8025111787135,36.98407533536141,2bhk,1.0,Mumbai,first
1207.7274434836954,37.20182330451086,2bhk,,Hyd,second
1338.2991521488132,42.0789745644644,3bhk,1.0,Blr,second
1133.3480955348366,35.130442866045094,2bhk,0.0,Mumbai,second
1039.812052762632,33.52436158287896,1bhk,,Hyd,ground
1352.1490003035167,42.934470009105496,3bhk,1.0,Hyd,ground
1303.2979252443722,41.16893775733117,3bhk,,Mumbai,first
1039.8952676201372,32.13685802860412,1bhk,0.0,Pune,third
1296.090789232092,40.08272367696276,3bhk,1.0,Pune,third
1211.701602838319,38.40104808514957,,0.0,Hyd,ground
1159.4439802308748,36.24331940692624,2bhk,1.0,Blr,third
1222.545481061268,37.37636443183804,2bhk,1.0,Pune,third
1199.6209099485022,36.76862729845506,2bhk,0.0,Pune,third
1384.1578915509076,43.21473674652723,3bhk,,Pune,third
1153.749854719537,35.33249564158612,2bhk,0.0,Hyd,ground
1100.033504006731,34.13100512020193,1bhk,0.0,Mumbai,first
1206.708200769695,37.15124602309085,2bhk,,Pune,first
1399.174489811396,43.98523469434188,3bhk,1.0,Hyd,ground
1311.4512165101778,42.20353649530532,,1.0,Hyd,second
1179.4677947832545,36.03403384349764,2bhk,0.0,Mumbai,first
1095.8916599416216,35.22674979824865,1bhk,0.0,Pune,second
1199.9692637937158,36.66907791381147,2bhk,1.0,Pune,second
1163.4494117656502,35.89348235296951,2bhk,0.0,Mumbai,second
1084.7997024990657,33.53399107497197,,1.0,Mumbai,third
1181.947913982824,35.98843741948472,2bhk,0.0,Pune,third
1331.695236192502,42.03085708577506,3bhk,0.0,Pune,first
1386.5697276137098,44.847091828411294,3bhk,,Mumbai,third
1187.6960384429944,38.22088115328983,,0.0,Pune,third
1123.1812341620123,35.58543702486037,,0.0,Pune,ground
1303.538591682857,41.55615775048571,3bhk,0.0,Mumbai,second
1131.4806236946129,34.25441871083839,2bhk,0.0,Hyd,second
1282.757268851905,40.22271806555716,3bhk,1.0,Mumbai,third
1012.1088318429472,31.13326495528841,1bhk,1.0,Mumbai,second
1198.7651574011156,37.282954722033466,2bhk,,Hyd,second
1120.5568615053412,34.60670584516024,,0.0,Pune,third
1138.8146643038872,35.04443992911661,2bhk,0.0,Pune,ground
1111.2981090410271,34.82894327123081,1bhk,1.0,Pune,third
1115.288923945075,35.43866771835226,1bhk,0.0,Mumbai,first
1070.18906246643,32.8856718739929,1bhk,,Mumbai,ground
1301.7930338966053,41.12379101689816,3bhk,1.0,Hyd,first
1233.219244906264,37.486577347187925,2bhk,,Hyd,second
1269.7210082158383,39.51163024647515,3bhk,,Pune,first
1369.0569642438488,43.561708927315465,3bhk,,Mumbai,first
1313.9353464077228,42.91806039223168,,1.0,Pune,second
1207.3905120264124,36.92171536079237,,,Hyd,second
1194.4416535983098,36.91324960794929,,1.0,Pune,third
1122.4373927451936,34.30312178235581,2bhk,1.0,Pune,second
962.562745228446,29.29688235685338,1bhk,0.0,Mumbai,second
1315.6756892942458,40.64027067882738,3bhk,,Hyd,third
1155.2452490554008,35.267357471662024,2bhk,,Mumbai,second
1190.0514550074336,37.621543650223,,,Hyd,third
1220.8634452457566,36.9859033573727,2bhk,0.0,Blr,ground
1207.705720847504,37.73117162542512,2bhk,1.0,Blr,ground
1092.4330316037644,33.90299094811294,1bhk,,Hyd,first
1171.2627396595772,36.91788218978732,2bhk,,Pune,first
1204.187768223613,37.09563304670839,2bhk,0.0,Pune,second
1128.9020537337378,33.917061612012134,2bhk,,Hyd,second
1228.545896912916,37.77637690738748,2bhk,,Mumbai,first
1306.2621495244707,40.93786448573413,3bhk,1.0,Hyd,third
1281.2855176634612,40.33856552990384,,,Blr,third
1148.4403555766855,35.59321066730056,,,Mumbai,third
1368.4925535465686,43.70477660639706,3bhk,1.0,Pune,second
1317.1972948044277,41.66591884413283,3bhk,0.0,Pune,third
1315.7792952882155,42.93337885864648,3bhk,1.0,Pune,third
993.8031206252876,30.54409361875863,,1.0,Mumbai,third
1348.9963348965257,44.18989004689576,3bhk,1.0,Blr,second
1149.34139403553,36.3702418210659,2bhk,1.0,Mumbai,third
1242.6989503179043,37.77096850953713,3bhk,,Pune,third
1376.257056399592,43.87771169198775,3bhk,1.0,Hyd,second
1273.959431440538,39.72878294321614,3bhk,0.0,Blr,second
1094.472805278897,33.18418415836692,1bhk,1.0,Hyd,second
1234.342345738025,40.45027037214075,2bhk,1.0,Pune,third
1166.424297364705,37.98272892094114,,0.0,Blr,second
1142.0240638062637,37.25072191418791,2bhk,0.0,Pune,second
1276.4340082994088,40.57302024898227,3bhk,,Blr,second
1106.5316833583893,36.00595050075168,1bhk,,Pune,third
1236.2114992445795,37.56634497733739,3bhk,1.0,Hyd,ground
1205.412869298878,37.18238607896634,2bhk,0.0,Pune,ground
1286.654441000866,41.38963323002597,3bhk,0.0,Hyd,third
1220.360380502376,37.05081141507129,2bhk,0.0,Blr,second
1351.323327816643,42.2996998344993,3bhk,1.0,Hyd,third
1300.021573985243,42.390647219557295,3bhk,1.0,Pune,third
1196.2675884813748,37.21802765444125,2bhk,1.0,Pune,third
996.6742653546024,30.660227960638068,1bhk,,Mumbai,second
1282.7266705491188,38.71180011647357,3bhk,1.0,Mumbai,second
1094.556121959366,34.70668365878098,1bhk,1.0,Pune,third
1220.0772046310906,38.66231613893272,2bhk,1.0,Pune,second
1215.2407850018565,37.4772235500557,2bhk,0.0,Hyd,first
1391.3003616597716,45.61901084979315,3bhk,1.0,Hyd,second
1206.1469559847176,39.00440867954153,2bhk,0.0,Pune,first
1193.763228674977,37.48289686024931,2bhk,0.0,Hyd,second
1279.3926874487834,39.3117806234635,3bhk,0.0,Pune,ground
1270.0708248696628,39.11212474608989,3bhk,,Pune,third
1235.1134218633315,38.363402655899954,2bhk,0.0,Mumbai,second
991.7933993080028,31.49380197924008,1bhk,1.0,Pune,first
1360.5365256681937,42.92609577004581,3bhk,,Hyd,ground
1086.2359725860465,33.35707917758139,1bhk,1.0,Pune,third
1234.332855514535,37.60998566543604,2bhk,,Pune,ground
1226.600872967469,37.65802618902407,2bhk,0.0,Pune,first
1270.502894269639,38.75508682808917,3bhk,0.0,Hyd,second
1108.6199336283792,33.71859800885138,1bhk,,Hyd,third
1174.6026770540443,35.54808031162133,2bhk,0.0,Mumbai,first
1222.3484633207229,38.07045389962169,2bhk,,Mumbai,first
1253.764035731955,38.15292107195864,3bhk,1.0,Hyd,third
1123.006177362637,36.36018532087911,,1.0,Hyd,ground
1013.5820760254272,31.12746228076281,1bhk,0.0,Hyd,second
1423.4173934396342,46.93252180318903,3bhk,1.0,Hyd,second
1155.452993565034,35.93358980695102,2bhk,0.0,Hyd,third
1176.3725446456428,36.20117633936929,,0.0,Hyd,third
1079.9864993944395,33.35959498183319,1bhk,0.0,Hyd,second
1203.2870166385069,36.7086104991552,2bhk,,Mumbai,third
1207.4226655315167,37.1026799659455,2bhk,,Pune,second
1269.7762845851696,41.13328853755509,3bhk,1.0,Blr,second
1157.0009211779848,36.58002763533953,2bhk,,Pune,second
1019.1597610259096,31.934792830777287,1bhk,,Hyd,third
1365.468984942367,42.404069548271,3bhk,1.0,Pune,second
1257.4561840054437,38.273685520163305,3bhk,1.0,Hyd,third
1097.0585385354834,34.271756156064505,1bhk,0.0,Pune,third
1193.0074300685958,36.80022290205788,2bhk,,Mumbai,ground
1198.5693103910924,37.42707931173277,2bhk,1.0,Mumbai,second
1248.160107377499,40.03480322132496,3bhk,,Mumbai,ground
1262.3424520402475,38.79027356120744,3bhk,1.0,Hyd,second
1105.621929539766,33.44865788619299,1bhk,0.0,Mumbai,ground
1310.2694298846648,43.45808289653994,3bhk,0.0,Hyd,first
1185.827228496681,36.57481685490043,2bhk,,Mumbai,ground
1265.925988530926,38.63777965592778,3bhk,0.0,Pune,ground
1197.2391481614343,38.67717444484304,2bhk,,Pune,first
1277.9060223015777,40.78718066904733,3bhk,1.0,Mumbai,third
945.8394623333708,29.36518387000113,1bhk,1.0,Hyd,second
1148.274819564276,35.99824458692828,2bhk,0.0,Hyd,second
1011.95483430602,32.5086450291806,1bhk,,Mumbai,third
1170.125483885654,35.69376451656963,2bhk,,Pune,third
1320.8669194090205,41.58600758227061,3bhk,0.0,Pune,second
1180.2767509388116,36.08830252816435,2bhk,,Pune,first
1029.8419477449593,32.01525843234878,1bhk,1.0,Pune,third
1260.6067589493134,38.228202768479406,3bhk,1.0,Hyd,ground
1235.8607105753902,38.7458213172617,2bhk,,Hyd,second
1195.317408869136,37.55952226607408,,,Hyd,second
1186.4051595707103,36.10215478712131,2bhk,,Mumbai,third
1138.1065436094796,34.803196308284384,2bhk,0.0,Hyd,second
1193.1431924814458,35.984295774443375,2bhk,1.0,Mumbai,third
1190.0699294667515,36.35209788400255,2bhk,1.0,Hyd,third
1131.6019998646148,36.93805999593844,2bhk,0.0,Hyd,ground
1089.2427843249047,34.18728352974714,,1.0,Mumbai,first
1289.3583061080242,43.03074918324072,3bhk,0.0,Pune,second
1225.7221181310513,38.16166354393154,2bhk,,Blr,second
1184.672069098223,35.84016207294669,2bhk,0.0,Hyd,third
1270.6878206818285,39.21063462045485,3bhk,0.0,Hyd,third
1227.5751966797354,37.09725590039208,2bhk,0.0,Pune,third
1179.0123239508953,36.41036971852686,2bhk,,Mumbai,third
1273.5753152208956,39.88725945662687,3bhk,0.0,Blr,third
1267.3824042736492,38.33147212820948,,,Pune,second
1242.5656027596926,38.39696808279078,,0.0,Hyd,third
1188.449951864814,36.57349855594442,2bhk,,Hyd,third
1114.115846600772,34.33347539802316,1bhk,1.0,Pune,second
1314.171381378348,43.27514144135044,3bhk,1.0,Mumbai,third
1075.5531077742432,32.96659323322729,1bhk,1.0,Hyd,second
1156.0152460519685,36.18045738155905,2bhk,0.0,Pune,second
1226.4592926686762,38.443778780060285,2bhk,0.0,Pune,third
1051.1492088596044,31.81447626578813,1bhk,0.0,Pune,second
1238.618256145381,38.16854768436144,3bhk,,Mumbai,second
1136.687520534606,36.35062561603818,2bhk,0.0,Mumbai,third
1310.0262059443023,42.70078617832908,3bhk,,Mumbai,ground
1306.4852323224866,40.3645569696746,3bhk,1.0,Hyd,ground
1218.1655140251196,37.70496542075359,2bhk,1.0,Pune,ground
1313.9956974727904,41.98987092418373,3bhk,0.0,Pune,third
1189.6579277770663,37.37973783331199,2bhk,0.0,Mumbai,third
1217.3296224199962,36.99988867259989,2bhk,,Pune,first
1440.6766479257635,45.3102994377729,3bhk,1.0,Hyd,third
1246.9427222925126,40.18828166877538,3bhk,,Pune,first
1023.396735607788,31.39190206823364,1bhk,,Mumbai,first
1036.06819338161,31.4220458014483,1bhk,1.0,Mumbai,third
1221.342435015907,39.97027305047721,2bhk,1.0,Hyd,third
1104.3596791252758,34.17079037375828,1bhk,0.0,Hyd,third
1065.9700022428478,33.57910006728544,1bhk,1.0,Pune,first
1139.1161159773587,35.51348347932076,2bhk,,Mumbai,third
1139.226661578431,35.72679984735293,,1.0,Pune,second
1182.6596983710083,36.21979095113025,2bhk,0.0,Mumbai,third
1137.85782437556,34.735734731266795,2bhk,0.0,Hyd,second
1069.1698998255574,32.94509699476672,,,Mumbai,third
1056.4896644031303,32.94468993209392,1bhk,1.0,Pune,first
1131.0034885909915,34.390104657729744,2bhk,1.0,Hyd,second
1318.4763263590069,41.56428979077021,3bhk,1.0,Hyd,third
1130.1968359699028,35.32590507909708,2bhk,1.0,Blr,second
1291.669004674199,40.83007014022597,3bhk,1.0,Hyd,second
1125.1065487598914,34.66319646279674,2bhk,,Hyd,first
1063.5651160765906,32.16695348229772,1bhk,0.0,Blr,ground
1330.4964910389251,41.53489473116775,,1.0,Pune,second
1310.1780750813666,42.295342252441,3bhk,0.0,Pune,ground
1087.9529029378411,34.77858708813524,1bhk,,Pune,third
1229.2216952422837,38.72665085726851,2bhk,,Pune,second
1127.2501695632884,35.37750508689865,2bhk,0.0,Mumbai,second
1221.6907043546098,37.40072113063829,,1.0,Blr,first
1109.8421348116958,34.56526404435088,,1.0,Hyd,third
1298.902695128298,41.45708085384895,3bhk,1.0,Mumbai,ground
1274.292513524801,39.068775405744034,3bhk,1.0,Hyd,third
1206.192526859854,36.75577580579562,2bhk,,Blr,second
1250.553844728163,38.52661534184489,3bhk,1.0,Mumbai,second
1093.3428868577512,32.99028660573253,1bhk,,Blr,second
1219.8690301417716,39.30607090425314,2bhk,0.0,Pune,third
1243.976264892677,40.1492879467803,,0.0,Hyd,third
1048.717807346019,33.75153422038057,1bhk,,Pune,first
1091.1522160533198,35.27456648159959,1bhk,,Hyd,second
1232.467311281354,38.05401933844062,,1.0,Hyd,second
1205.2185748455795,38.00655724536738,2bhk,1.0,Pune,third
1261.816333318974,38.474489999569215,3bhk,0.0,Mumbai,second
1159.698801512727,35.50096404538181,2bhk,1.0,Hyd,third
1095.0288695556987,34.04086608667096,1bhk,0.0,Mumbai,second
1206.4752109352976,36.774256328058925,2bhk,0.0,Pune,second
1117.47588141889,34.1742764425667,,1.0,Mumbai,third
1070.326358263038,33.989790747891135,1bhk,1.0,Hyd,second
1425.1065015973727,45.46319504792118,3bhk,1.0,Blr,third
1157.8600997567733,37.5358029927032,2bhk,,Pune,third
1196.2595465718518,38.12778639715556,2bhk,0.0,Hyd,second
1224.9255438141934,39.5177663144258,2bhk,1.0,Hyd,third
1169.4136430571232,35.88240929171369,2bhk,,Pune,second
1069.7002302853568,,1bhk,1.0,Hyd,first
1305.7901086510135,41.8737032595304,3bhk,,Hyd,third
1081.2122195237043,32.69636658571113,1bhk,1.0,Pune,second
1208.7443998221736,37.50233199466521,2bhk,1.0,Hyd,first
1312.455251886896,42.19365755660689,3bhk,0.0,Mumbai,second
1134.3952444730446,37.30185733419134,2bhk,1.0,Pune,first
1067.5179849948108,33.19553954984433,1bhk,1.0,Blr,second
1171.1288237795934,35.833864713387804,,,Mumbai,first
1196.2021138952152,36.42606341685646,2bhk,0.0,Blr,second
1090.526689142274,32.92580067426822,1bhk,0.0,Hyd,first
1143.2186594563425,34.716559783690265,2bhk,0.0,Hyd,first
1188.242502326838,37.067275069805135,2bhk,,Pune,third
1168.9090321319836,35.83727096395951,2bhk,,Pune,second
1272.5035003278624,39.62510500983587,3bhk,0.0,Mumbai,second
1321.573454144892,42.147203624346766,3bhk,1.0,Pune,third
1124.8160275089376,34.15448082526813,2bhk,0.0,Pune,third
1220.5863258005743,38.14758977401723,2bhk,0.0,Hyd,second
1105.5162665447624,33.58548799634287,,0.0,Blr,first
1087.623907893972,33.45871723681916,,,Mumbai,ground
1188.116891206838,37.203506736205135,2bhk,1.0,Hyd,ground
984.228958657535,30.376868759726047,1bhk,1.0,Pune,third
1264.5815239892763,38.53744571967829,3bhk,0.0,Pune,third
1217.1906583688128,38.2657197510644,2bhk,0.0,Hyd,third
1277.4139428353992,39.482418285061975,3bhk,,Pune,second
1162.1579480126495,35.53473844037949,,0.0,Hyd,third
1298.1261081686775,40.49378324506033,3bhk,0.0,Blr,second
958.839168821907,28.92517506465721,,,Mumbai,third
1208.5161119414845,36.94548335824453,2bhk,1.0,Hyd,third
1090.5353385804835,32.87606015741451,1bhk,,Mumbai,ground
1177.1456694866374,36.97437008459912,2bhk,,Mumbai,second
1121.906126095321,35.12718378285963,2bhk,0.0,Mumbai,ground
1163.5089927808217,36.53526978342465,2bhk,1.0,Pune,third
1231.2013854637405,37.76604156391221,2bhk,1.0,Mumbai,second
1419.6785487519755,44.660356462559264,3bhk,0.0,Pune,second
1175.3026731804505,36.68908019541351,2bhk,,Pune,second
1137.4876581215924,36.264629743647774,2bhk,1.0,Hyd,second
1387.237801234015,44.49713403702045,3bhk,0.0,Hyd,second
1179.8477265671431,37.25543179701429,2bhk,,Pune,second
1270.9435368793656,39.78830610638097,3bhk,,Hyd,third
1217.722797537869,38.01168392613607,2bhk,,Hyd,first
1170.2822262982731,36.86846678894819,2bhk,0.0,Pune,third
1145.4624371040322,34.593873113120964,2bhk,,Mumbai,third
1186.9468742981842,37.01840622894552,2bhk,1.0,Pune,first
1272.346692756248,39.72040078268744,3bhk,1.0,Hyd,third
998.263161440721,30.61789484322163,1bhk,0.0,Mumbai,third
1209.5994349955338,37.067983049866015,2bhk,0.0,Pune,second
1363.5697020176715,43.23709106053015,3bhk,0.0,Hyd,second
1332.48891519645,42.4946674558935,3bhk,0.0,Mumbai,second
1122.446459328154,35.03339377984462,,1.0,Hyd,second
,41.14034969425117,3bhk,1.0,Pune,third
1240.7702959758342,37.53310887927503,3bhk,,Blr,third
1288.8300569371163,40.66490170811349,3bhk,1.0,Hyd,second
1227.043677591912,38.76131032775736,2bhk,1.0,Blr,first
1168.7696519825872,37.16308955947762,2bhk,,Pune,ground
1192.4335311741577,36.06300593522472,2bhk,0.0,Hyd,third
1236.1378240608994,38.91413472182698,3bhk,,Pune,first
1213.205229429076,37.65615688287228,,0.0,Pune,second
1182.6337494375114,36.15901248312535,2bhk,,Blr,second
1363.3770012821456,42.17131003846436,3bhk,1.0,Hyd,second
1099.089553527436,33.27268660582308,1bhk,0.0,Hyd,third
1138.039743476225,35.10119230428676,2bhk,,Pune,third
1248.526974360911,37.64580923082733,3bhk,,Hyd,third
1157.6086474407878,36.47825942322364,2bhk,1.0,Hyd,second
1075.9123352503498,32.57737005751049,1bhk,1.0,Pune,second
1258.474608035861,39.874238241075815,3bhk,1.0,Mumbai,third
1374.8485433660978,43.69545630098293,3bhk,,Mumbai,second
1238.0702615871724,37.83210784761517,3bhk,0.0,Mumbai,third
1163.0506285638155,35.22151885691447,2bhk,1.0,Hyd,ground
1176.1180405435705,36.46354121630712,2bhk,,Pune,ground
1316.3958159527826,41.11187447858349,,,Pune,second
1118.053385170644,34.17160155511932,2bhk,,Pune,second
1086.2256420973883,32.88676926292165,1bhk,0.0,Pune,second
1091.620129422017,34.03860388266051,1bhk,0.0,Mumbai,third
1239.3166612749033,37.4594998382471,3bhk,,Hyd,third
1259.4192331405586,38.53257699421676,3bhk,1.0,Hyd,second
1241.659169296517,37.6997750788955,3bhk,,Hyd,first
1349.0784795207996,42.76235438562399,3bhk,,Pune,second
1360.659502731996,45.49978508195988,3bhk,,Hyd,ground
1203.7584315190727,37.84275294557217,2bhk,1.0,Pune,second
1299.3666966706016,40.88100090011805,3bhk,0.0,Pune,ground
1056.9758001544988,32.239274004634964,,1.0,Mumbai,third
1204.4359538598528,36.27307861579558,2bhk,0.0,Pune,ground
1185.7662059556783,36.25298617867036,2bhk,,Mumbai,ground
1325.206583832792,42.34619751498376,,0.0,Hyd,third
1484.5240693440792,47.79572208032238,3bhk,0.0,Mumbai,ground
1217.0399193701533,37.3411975811046,2bhk,0.0,Hyd,second
1162.5803806994447,37.93741142098335,2bhk,1.0,Pune,second
1138.8593855697345,36.59578156709204,,0.0,Pune,third
1235.0152134134316,37.18045640240295,2bhk,,Blr,third
1292.3532897288972,41.75059869186693,3bhk,1.0,Mumbai,second
1152.3881472002668,35.301644416008,2bhk,1.0,Blr,second
1183.4070102681512,36.952210308044535,2bhk,,Pune,second
1313.4659647172389,41.75397894151716,3bhk,,Hyd,third
1187.0525445008889,36.36157633502667,2bhk,,Blr,third
1090.6569795253736,34.77970938576121,1bhk,0.0,Hyd,third
1289.079610745988,41.72238832237964,3bhk,1.0,Hyd,second
1173.2709666988983,35.43812900096696,,0.0,Pune,second
1094.8528988393557,35.21558696518066,1bhk,,Hyd,second
1167.1621513694015,36.46486454108205,2bhk,0.0,Blr,second
1201.525746572713,37.23577239718139,,,Mumbai,first
1159.9282033445895,35.89784610033768,2bhk,,Mumbai,ground
1352.7101400558142,41.77130420167443,3bhk,1.0,Blr,third
1226.4319588733804,37.65295876620141,2bhk,0.0,Mumbai,ground
1376.594961111061,43.28784883333182,3bhk,,Mumbai,second
991.8374803307254,31.11512440992176,1bhk,,Hyd,third
1098.436201681792,33.36308605045376,1bhk,0.0,Mumbai,first
1120.261446332332,34.397843389969964,2bhk,1.0,Pune,third
1293.6249072495957,40.26874721748786,3bhk,0.0,Mumbai,first
1459.904987347671,45.25714962043013,3bhk,0.0,Pune,ground
1273.462155501413,40.09386466504239,3bhk,0.0,Hyd,ground
1309.0815424153386,40.54244627246016,3bhk,0.0,Pune,second
1148.8322548273015,36.77496764481904,2bhk,0.0,Mumbai,third
1086.9143590398985,34.87743077119695,1bhk,1.0,Mumbai,first
1082.7065686551066,33.0111970596532,1bhk,,Blr,first
1272.390684770802,40.25172054312406,3bhk,,Pune,second
1087.412844157941,33.61238532473823,1bhk,0.0,Hyd,ground
1018.8756054989368,31.446268164968107,1bhk,,Pune,first
1188.399195925908,36.60197587777724,2bhk,1.0,Hyd,third
1098.6405203202391,34.03921560960717,1bhk,1.0,Pune,third
1178.986762379161,36.22960287137483,2bhk,1.0,Pune,second
1337.267093491403,42.41801280474209,3bhk,1.0,Mumbai,second
1148.852653330689,35.17557959992067,2bhk,,Pune,second
1122.0594494862278,34.97178348458683,,1.0,Pune,ground
1224.040603941058,37.131218118231736,2bhk,0.0,Mumbai,third
1101.9585053567505,35.21875516070251,,,Blr,ground
1194.4570795960865,36.613712387882586,2bhk,0.0,Mumbai,ground
1139.2777913876696,34.91833374163009,2bhk,,Mumbai,second
1114.3191284831814,34.499573854495445,1bhk,0.0,Pune,second
1277.1428075991928,41.64428422797579,3bhk,0.0,Blr,ground
904.6107666969092,28.378323000907272,1bhk,0.0,Pune,ground
1167.5801519269514,35.75740455780854,2bhk,1.0,Hyd,second
1259.6435603097666,39.149306809293,3bhk,,Pune,second
987.3396056757496,30.270188170272487,1bhk,1.0,Pune,second
1014.2389387947644,31.75716816384293,1bhk,0.0,Pune,first
1335.925796095744,42.36777388287232,3bhk,,Pune,second
1092.3635849836817,33.63090754951045,1bhk,0.0,Mumbai,second
1245.9586944630005,38.77876083389001,3bhk,,Pune,second
1193.7229254952097,36.91168776485629,2bhk,1.0,Pune,third
1351.9006793076578,44.88702037922973,3bhk,,Mumbai,second
1356.210107821242,45.56630323463726,3bhk,0.0,Mumbai,second
1188.8972871882038,37.006918615646114,,0.0,Mumbai,second
1238.6821321386649,37.26046396415993,3bhk,1.0,Hyd,ground
954.3686821347344,30.12106046404203,1bhk,0.0,Pune,third
1366.4257969099351,42.94277390729806,3bhk,1.0,Hyd,second
1122.833412924379,35.13500238773137,2bhk,1.0,Pune,second
1403.2023309524884,44.30606992857465,3bhk,1.0,Pune,third
1214.8851645295426,36.91655493588628,2bhk,,Blr,third
1168.1992646660535,36.0359779399816,2bhk,1.0,Mumbai,third
1265.917278120658,38.66751834361974,3bhk,,Pune,third
1099.2120474400049,32.986361423200144,1bhk,,Hyd,first
1277.6143354277804,39.23843006283341,3bhk,,Hyd,first
1209.0403474026523,37.30121042207956,2bhk,0.0,Pune,third
1034.64572514089,31.499371754226704,1bhk,1.0,Mumbai,third
1134.9931116716411,34.42979335014923,2bhk,0.0,Hyd,second
1448.677668761485,45.71033006284455,3bhk,0.0,Hyd,ground
1175.7812577662596,36.36343773298778,2bhk,1.0,Pune,first
1142.8130000489325,34.754390001467975,2bhk,0.0,Pune,first
1111.1768188760116,34.66530456628035,1bhk,0.0,Hyd,third
1154.4134721742173,35.422404165226524,2bhk,1.0,Pune,first
1321.098944297652,42.36296832892956,3bhk,0.0,Pune,second
1366.4275186724676,42.75282556017402,3bhk,0.0,Hyd,first
1129.899503322357,35.91698509967071,,,Hyd,second
1248.2207370302222,39.096622110906665,,1.0,Hyd,third
1159.071270959798,35.762138128793936,2bhk,0.0,Hyd,third
1249.1710335171283,38.13513100551385,3bhk,1.0,Hyd,second
1160.2624319399986,35.42787295819996,,0.0,Pune,third
911.6885000433388,27.890655001300164,1bhk,0.0,Mumbai,third
1236.9917481901405,37.759752445704216,3bhk,,Pune,third
1117.1477939367762,35.35443381810329,1bhk,0.0,Hyd,second
1223.0043656161988,37.46013096848597,2bhk,,Mumbai,second
1156.366918392046,35.88100755176138,2bhk,1.0,Blr,ground
1174.3698995056952,36.64109698517085,2bhk,0.0,Hyd,second
1193.5268071687944,39.27580421506384,2bhk,,Hyd,second
1273.0707892620924,38.99212367786277,3bhk,0.0,Pune,first
1210.501197616837,38.425035928505125,2bhk,1.0,Pune,third
1027.4334735950188,31.423004207850564,1bhk,0.0,Mumbai,third
1115.9323017725578,34.33796905317673,,1.0,Pune,second
1032.8772348889142,31.166317046667427,1bhk,0.0,Mumbai,second
1158.6789718977222,35.93036915693167,2bhk,1.0,Hyd,second
1218.6609637522597,37.86982891256778,2bhk,1.0,Hyd,second
1116.9582336042608,35.85874700812783,1bhk,1.0,Blr,third
1110.852918245865,35.00558754737596,1bhk,0.0,Pune,ground
1212.3190415157078,38.11957124547124,2bhk,,Pune,first
992.8076634391598,30.69422990317479,,1.0,Pune,third
1179.2157447286454,37.67647234185936,2bhk,,Pune,ground
1019.6443320345926,32.71932996103778,1bhk,,Pune,second
1153.0637188506046,34.98191156551814,,,Pune,second
1255.712846325839,38.08138538977518,3bhk,,Pune,first
1240.6459620957758,39.17937886287327,3bhk,,Hyd,second
1131.8029568374786,34.69408870512436,2bhk,1.0,Mumbai,first
